{"model":{"version":3,"nodes":[{"name":"RootNode","position":[0,0,0],"rotation":[0,0,0],"scale":[0.01,0.01,0.01],"scaleCompensation":false},{"name":"skyBox01","position":[0,0,0],"rotation":[-90,-0,0],"scale":[1,1,1],"scaleCompensation":false}],"parents":[-1,0],"skins":[],"morphs":[],"vertices":[{"position":{"type":"float32","components":3,"data":[-6000,-6000,8000,6000,6000,8000,6000,-6000,8000,-6000,6000,8000,-6000,-6000,8000,6000,-6000,8000,-6000,-6000,-769.959,6000,-6000,-769.959,6000,-6000,8000,6000,6000,8000,6000,-6000,-769.959,6000,6000,-769.959,6000,6000,8000,-6000,6000,8000,6000,6000,-769.959,-6000,6000,-769.959,-6000,6000,8000,-6000,-6000,8000,-6000,6000,-769.959,-6000,-6000,-769.959,6000.71,-6000.71,-769.959,-6000.71,-6000.71,-769.959,-6000,-6000,-769.959,6000,-6000,-769.959,6000.71,6000.71,-769.959,6000.71,-6000.71,-769.959,6000,-6000,-769.959,6000,6000,-769.959,-6000.71,6000.71,-769.959,6000.71,6000.71,-769.959,6000,6000,-769.959,-6000,6000,-769.959,-6000.71,-6000.71,-769.959,-6000.71,6000.71,-769.959,-6000,6000,-769.959,-6000,-6000,-769.959]},"normal":{"type":"float32","components":3,"data":[0,0,-1,0,0,-1,0,0,-1,0,0,-1,0,1,0,0,1,0,0,1,0,0,1,0,-1,0,0,-1,0,0,-1,0,0,-1,0,0,0,-1,0,0,-1,0,0,-1,0,0,-1,0,1,0,0,1,0,0,1,0,0,1,0,0,0,0,-1,0,0,-1,0,0,-1,0,0,-1,0,0,-1,0,0,-1,0,0,-1,0,0,-1,0,0,-1,0,0,-1,0,0,-1,0,0,-1,0,0,-1,0,0,-1,0,0,-1,0,0,-1]},"texCoord0":{"type":"float32","components":2,"data":[0.50326,0.991387,0.989244,0.506789,0.989244,0.991387,0.50326,0.506789,0.00856828,0.501464,0.49419,0.501464,0.00856828,0.0159249,0.49419,0.0159249,0.00839944,0.992912,0.494265,0.992912,0.00839944,0.505865,0.494265,0.505865,0.00839943,0.992912,0.494265,0.992912,0.00839943,0.505865,0.494265,0.505865,0.00856824,0.501464,0.49419,0.501464,0.00856824,0.01576,0.49419,0.01576,0.49419,0.0159249,0.00856828,0.0159249,0.00856828,0.0159249,0.49419,0.0159249,0.494265,0.505865,0.00839944,0.505865,0.00839944,0.505865,0.494265,0.505865,0.494265,0.505865,0.00839943,0.505865,0.00839943,0.505865,0.494265,0.505865,0.49419,0.01576,0.00856824,0.01576,0.00856824,0.01576,0.49419,0.01576]}}],"meshes":[{"aabb":{"min":[-6000.71,-6000.71,-769.959],"max":[6000.71,6000.71,8000]},"vertices":0,"indices":[0,1,2,1,0,3,4,5,6,5,7,6,8,9,10,9,11,10,12,13,14,13,15,14,16,17,18,17,19,18,20,21,22,20,22,23,24,25,26,24,26,27,28,29,30,28,30,31,32,33,34,32,34,35],"type":"triangles","base":0,"count":54}],"meshInstances":[{"node":1,"mesh":0}]}}